,title,handle,created,product_type,sku,taxable,price,available,grams,src
0,The Wilson Brown,the-wilson-brown,2023-01-18T13:45:45-06:00,Shoes,HB4205016,True,245.00,True,1814,https://cdn.shopify.com/s/files/1/0048/2912/products/helm-shoes-the-wilson-brown-29948855353406.jpg?v=1674071495
1,The Wilson Brown,the-wilson-brown,2023-01-18T13:45:45-06:00,Shoes,HB4205016,True,245.00,True,1814,https://cdn.shopify.com/s/files/1/0048/2912/products/helm-shoes-the-wilson-brown-29948855484478.jpg?v=1674071499
2,The Wilson Brown,the-wilson-brown,2023-01-18T13:45:45-06:00,Shoes,HB4205016,True,245.00,True,1814,https://cdn.shopify.com/s/files/1/0048/2912/products/helm-shoes-the-wilson-brown-29948855451710.jpg?v=1674071502
3,The Wilson Brown,the-wilson-brown,2023-01-18T13:45:45-06:00,Shoes,HB4205016,True,245.00,True,1814,https://cdn.shopify.com/s/files/1/0048/2912/products/helm-shoes-the-wilson-brown-29948855418942.jpg?v=1674071506
4,The Wilson Brown,the-wilson-brown,2023-01-18T13:45:45-06:00,Shoes,HB4205016,True,245.00,True,1814,https://cdn.shopify.com/s/files/1/0048/2912/products/helm-shoes-the-wilson-brown-29948855320638.jpg?v=1674071509
5,The Wilson Brown,the-wilson-brown,2023-01-18T13:45:45-06:00,Shoes,HB4205016,True,245.00,True,1814,https://cdn.shopify.com/s/files/1/0048/2912/products/helm-shoes-the-wilson-brown-29948855386174.jpg?v=1674071511
6,The Wilson Brown,the-wilson-brown,2023-01-18T13:45:45-06:00,Shoes,HB4205016,True,245.00,True,1814,https://cdn.shopify.com/s/files/1/0048/2912/products/helm-shoes-the-wilson-brown-29948855517246.jpg?v=1674071514
7,The Hynes Whiskey,the-hynes-whiskey,2023-01-17T12:53:18-06:00,Boots,HB9030016,True,250.00,True,1814,https://cdn.shopify.com/s/files/1/0048/2912/products/helm-boots-the-hynes-whiskey-29946556842046.jpg?v=1673982935
8,The Hynes Whiskey,the-hynes-whiskey,2023-01-17T12:53:18-06:00,Boots,HB9030016,True,250.00,True,1814,https://cdn.shopify.com/s/files/1/0048/2912/products/helm-boots-the-hynes-whiskey-29946556874814.jpg?v=1673982765
9,The Hynes Whiskey,the-hynes-whiskey,2023-01-17T12:53:18-06:00,Boots,HB9030016,True,250.00,True,1814,https://cdn.shopify.com/s/files/1/0048/2912/products/helm-boots-the-hynes-whiskey-29946556809278.jpg?v=1673982755
10,The Hynes Whiskey,the-hynes-whiskey,2023-01-17T12:53:18-06:00,Boots,HB9030016,True,250.00,True,1814,https://cdn.shopify.com/s/files/1/0048/2912/products/helm-boots-the-hynes-whiskey-29946556776510.jpg?v=1673982758
11,The Hynes Whiskey,the-hynes-whiskey,2023-01-17T12:53:18-06:00,Boots,HB9030016,True,250.00,True,1814,https://cdn.shopify.com/s/files/1/0048/2912/products/helm-boots-the-hynes-whiskey-29946556743742.jpg?v=1673982761
12,The Hynes Whiskey,the-hynes-whiskey,2023-01-17T12:53:18-06:00,Boots,HB9030016,True,250.00,True,1814,https://cdn.shopify.com/s/files/1/0048/2912/products/helm-boots-the-hynes-whiskey-29946556940350.jpg?v=1673982768
13,The Hynes Whiskey,the-hynes-whiskey,2023-01-17T12:53:18-06:00,Boots,HB9030016,True,250.00,True,1814,https://cdn.shopify.com/s/files/1/0048/2912/products/helm-boots-the-hynes-whiskey-29946557005886.jpg?v=1673982771
14,HELM Socks - Natural + Tan,copy-of-helm-socks-navy-marine,2022-12-19T14:02:26-06:00,Socks,HB2LG-F,True,15.00,True,340,https://cdn.shopify.com/s/files/1/0048/2912/products/helm-socks-helm-socks-natural-tan-29948593242174.jpg?v=1674062146
15,The Knox Tobacco,the-knox-tobacco,2021-02-01T13:57:57-06:00,Sneakers,HB3203015,True,140.00,False,1814,https://cdn.shopify.com/s/files/1/0048/2912/products/helm-sneakers-the-knox-tobacco-28555333795902.jpg?v=1628018164
16,The Knox Tobacco,the-knox-tobacco,2021-02-01T13:57:57-06:00,Sneakers,HB3203015,True,140.00,False,1814,https://cdn.shopify.com/s/files/1/0048/2912/products/helm-sneakers-the-knox-tobacco-28555373871166.jpg?v=1628018164
17,The Knox Tobacco,the-knox-tobacco,2021-02-01T13:57:57-06:00,Sneakers,HB3203015,True,140.00,False,1814,https://cdn.shopify.com/s/files/1/0048/2912/products/helm-sneakers-the-knox-tobacco-28562057822270.jpg?v=1628018164
18,The Knox Tobacco,the-knox-tobacco,2021-02-01T13:57:57-06:00,Sneakers,HB3203015,True,140.00,False,1814,https://cdn.shopify.com/s/files/1/0048/2912/products/helm-sneakers-the-knox-tobacco-28555537350718.jpg?v=1628018164
19,The Knox Tobacco,the-knox-tobacco,2021-02-01T13:57:57-06:00,Sneakers,HB3203015,True,140.00,False,1814,https://cdn.shopify.com/s/files/1/0048/2912/products/helm-sneakers-the-knox-tobacco-28555434557502.jpg?v=1628018164
20,The Knox Tobacco,the-knox-tobacco,2021-02-01T13:57:57-06:00,Sneakers,HB3203015,True,140.00,False,1814,https://cdn.shopify.com/s/files/1/0048/2912/products/helm-sneakers-the-knox-tobacco-28562038980670.jpg?v=1628018164
21,The Knox Tobacco,the-knox-tobacco,2021-02-01T13:57:57-06:00,Sneakers,HB3203015,True,140.00,False,1814,https://cdn.shopify.com/s/files/1/0048/2912/products/helm-sneakers-the-knox-tobacco-28555434524734.jpg?v=1628018164
22,HELM Striped Socks - 3 Pack,helm-striped-socks-3-pack,2022-03-08T14:39:03-06:00,Socks,HB4LG-Q,True,40.00,True,170,https://cdn.shopify.com/s/files/1/0048/2912/products/helm-socks-helm-striped-socks-3-pack-29157153833022.jpg?v=1646847037
23,HELM Marled Socks - 3 Pack,helm-marled-socks-3-pack,2022-03-08T14:33:14-06:00,Socks,HB4LG-P,True,40.00,True,170,https://cdn.shopify.com/s/files/1/0048/2912/products/helm-socks-helm-marled-socks-3-pack-29157153013822.jpg?v=1646847034
24,HELM Cabin Socks - Black + Grey,helm-cabin-socks-black-grey,2022-12-19T14:06:36-06:00,Socks,HB5LG-C,True,15.00,True,340,https://cdn.shopify.com/s/files/1/0048/2912/products/helm-socks-helm-cabin-socks-black-grey-29948610707518.jpg?v=1674062143
25,HELM Cabin Socks - Black + Grey,helm-cabin-socks-black-grey,2022-12-19T14:06:36-06:00,Socks,HB5LG-C,True,15.00,True,340,https://cdn.shopify.com/s/files/1/0048/2912/products/helm-socks-helm-cabin-socks-black-grey-29948610609214.jpg?v=1674062140
26,HELM Cabin Socks - Blue + Navy,helm-cabin-socks-blue-grey,2022-12-19T14:05:39-06:00,Socks,HB5LG-B,True,15.00,True,340,https://cdn.shopify.com/s/files/1/0048/2912/products/helm-socks-helm-cabin-socks-blue-navy-29948614049854.jpg?v=1674062500
27,HELM Cabin Socks - Blue + Navy,helm-cabin-socks-blue-grey,2022-12-19T14:05:39-06:00,Socks,HB5LG-B,True,15.00,True,340,https://cdn.shopify.com/s/files/1/0048/2912/products/helm-socks-helm-cabin-socks-blue-navy-29948613656638.jpg?v=1674062315
28,HELM Cabin Socks - Grey + Red,copy-of-helm-marled-socks-grey-1,2022-12-19T14:04:10-06:00,Socks,HB5LG-A,True,15.00,True,340,https://cdn.shopify.com/s/files/1/0048/2912/products/helm-socks-helm-cabin-socks-grey-red-29948618342462.jpg?v=1674062497
29,HELM Cabin Socks - Grey + Red,copy-of-helm-marled-socks-grey-1,2022-12-19T14:04:10-06:00,Socks,HB5LG-A,True,15.00,True,340,https://cdn.shopify.com/s/files/1/0048/2912/products/helm-socks-helm-cabin-socks-grey-red-29948618014782.jpg?v=1674062495
30,HELM Marled Socks - Rust,copy-of-helm-marled-socks-grey,2022-12-19T14:00:15-06:00,Socks,HB3LG-F,True,15.00,True,340,https://cdn.shopify.com/s/files/1/0048/2912/products/helm-socks-helm-marled-socks-rust-29948605300798.jpg?v=1674062138
31,HELM Marled Socks - Rust,copy-of-helm-marled-socks-grey,2022-12-19T14:00:15-06:00,Socks,HB3LG-F,True,15.00,True,340,https://cdn.shopify.com/s/files/1/0048/2912/products/helm-socks-helm-marled-socks-rust-29948607135806.jpg?v=1674062136
32,HELM Travel Care Kit,helm-boot-care-kit-mini,2018-08-28T12:11:42-05:00,Boot Care,NEWHLBOX_2022,True,15.00,True,454,https://cdn.shopify.com/s/files/1/0048/2912/products/helm-boot-care-helm-travel-care-kit-29872874815550.png?v=1670360978
33,HELM Travel Care Kit,helm-boot-care-kit-mini,2018-08-28T12:11:42-05:00,Boot Care,NEWHLBOX_2022,True,15.00,True,454,https://cdn.shopify.com/s/files/1/0048/2912/products/helm-boot-care-helm-travel-care-kit-29872874782782.png?v=1670360974
34,The Finn Sienna,the-finn-sienna,2022-11-18T12:09:52-06:00,Boots,HBB623016,True,265.00,False,2268,https://cdn.shopify.com/s/files/1/0048/2912/products/helm-boots-the-finn-sienna-29865104375870.png?v=1670017896
35,The Finn Sienna,the-finn-sienna,2022-11-18T12:09:52-06:00,Boots,HBB623016,True,265.00,False,2268,https://cdn.shopify.com/s/files/1/0048/2912/products/helm-boots-the-finn-sienna-29865104506942.png?v=1670017912
36,The Finn Sienna,the-finn-sienna,2022-11-18T12:09:52-06:00,Boots,HBB623016,True,265.00,False,2268,https://cdn.shopify.com/s/files/1/0048/2912/products/helm-boots-the-finn-sienna-29865104474174.png?v=1670017922
37,The Finn Sienna,the-finn-sienna,2022-11-18T12:09:52-06:00,Boots,HBB623016,True,265.00,False,2268,https://cdn.shopify.com/s/files/1/0048/2912/products/helm-boots-the-finn-sienna-29865104408638.png?v=1670017901
38,The Finn Sienna,the-finn-sienna,2022-11-18T12:09:52-06:00,Boots,HBB623016,True,265.00,False,2268,https://cdn.shopify.com/s/files/1/0048/2912/products/helm-boots-the-finn-sienna-29865104441406.png?v=1670017905
39,The Finn Sienna,the-finn-sienna,2022-11-18T12:09:52-06:00,Boots,HBB623016,True,265.00,False,2268,https://cdn.shopify.com/s/files/1/0048/2912/products/helm-boots-the-finn-sienna-29865104343102.png?v=1670351519
40,The Finn Sienna,the-finn-sienna,2022-11-18T12:09:52-06:00,Boots,HBB623016,True,265.00,False,2268,https://cdn.shopify.com/s/files/1/0048/2912/products/helm-boots-the-finn-sienna-29865104310334.png?v=1670351519
41,The Finn Brown,the-finn-brown,2022-11-18T12:09:21-06:00,Boots,HBB622016,True,265.00,True,2268,https://cdn.shopify.com/s/files/1/0048/2912/products/helm-boots-the-finn-brown-29855628132414.png?v=1669664015
42,The Finn Brown,the-finn-brown,2022-11-18T12:09:21-06:00,Boots,HBB622016,True,265.00,True,2268,https://cdn.shopify.com/s/files/1/0048/2912/products/helm-boots-the-finn-brown-29855627935806.png?v=1669664019
43,The Finn Brown,the-finn-brown,2022-11-18T12:09:21-06:00,Boots,HBB622016,True,265.00,True,2268,https://cdn.shopify.com/s/files/1/0048/2912/products/helm-boots-the-finn-brown-29855627968574.png?v=1669664022
44,The Finn Brown,the-finn-brown,2022-11-18T12:09:21-06:00,Boots,HBB622016,True,265.00,True,2268,https://cdn.shopify.com/s/files/1/0048/2912/products/helm-boots-the-finn-brown-29855628361790.png?v=1669664025
45,The Finn Brown,the-finn-brown,2022-11-18T12:09:21-06:00,Boots,HBB622016,True,265.00,True,2268,https://cdn.shopify.com/s/files/1/0048/2912/products/helm-boots-the-finn-brown-29855627903038.png?v=1670351692
46,The Finn Brown,the-finn-brown,2022-11-18T12:09:21-06:00,Boots,HBB622016,True,265.00,True,2268,https://cdn.shopify.com/s/files/1/0048/2912/products/helm-boots-the-finn-brown-29855628394558.png?v=1670351692
47,The Finn Brown,the-finn-brown,2022-11-18T12:09:21-06:00,Boots,HBB622016,True,265.00,True,2268,https://cdn.shopify.com/s/files/1/0048/2912/products/helm-boots-the-finn-brown-29872768417854.png?v=1670351978
48,The Finn Black,the-finn-black,2022-11-18T12:08:49-06:00,Boots,HBB621016,True,265.00,True,2268,https://cdn.shopify.com/s/files/1/0048/2912/products/helm-boots-the-finn-black-29855622889534.png?v=1669663655
49,The Finn Black,the-finn-black,2022-11-18T12:08:49-06:00,Boots,HBB621016,True,265.00,True,2268,https://cdn.shopify.com/s/files/1/0048/2912/products/helm-boots-the-finn-black-29855622856766.png?v=1670350887
50,The Finn Black,the-finn-black,2022-11-18T12:08:49-06:00,Boots,HBB621016,True,265.00,True,2268,https://cdn.shopify.com/s/files/1/0048/2912/products/helm-boots-the-finn-black-29855622955070.png?v=1670350887
51,The Finn Black,the-finn-black,2022-11-18T12:08:49-06:00,Boots,HBB621016,True,265.00,True,2268,https://cdn.shopify.com/s/files/1/0048/2912/products/helm-boots-the-finn-black-29855622922302.png?v=1670350887
52,The Finn Black,the-finn-black,2022-11-18T12:08:49-06:00,Boots,HBB621016,True,265.00,True,2268,https://cdn.shopify.com/s/files/1/0048/2912/products/helm-boots-the-finn-black-29855622791230.png?v=1670350887
53,The Finn Black,the-finn-black,2022-11-18T12:08:49-06:00,Boots,HBB621016,True,265.00,True,2268,https://cdn.shopify.com/s/files/1/0048/2912/products/helm-boots-the-finn-black-29855622823998.png?v=1669663485
54,The Finn Black,the-finn-black,2022-11-18T12:08:49-06:00,Boots,HBB621016,True,265.00,True,2268,https://cdn.shopify.com/s/files/1/0048/2912/products/helm-boots-the-finn-black-29872768352318.png?v=1670351976
55,The Emmett Whiskey,emmett-whiskey-1,2022-01-20T15:49:13-06:00,Shoes,EMM16RWHY,True,225.00,True,1089,https://cdn.shopify.com/s/files/1/0048/2912/products/hilos-shoes-the-emmett-whiskey-29064267628606.jpg?v=1642798475
56,The Emmett Whiskey,emmett-whiskey-1,2022-01-20T15:49:13-06:00,Shoes,EMM16RWHY,True,225.00,True,1089,https://cdn.shopify.com/s/files/1/0048/2912/products/hilos-shoes-the-emmett-whiskey-29064234893374.jpg?v=1642798115
57,The Emmett Whiskey,emmett-whiskey-1,2022-01-20T15:49:13-06:00,Shoes,EMM16RWHY,True,225.00,True,1089,https://cdn.shopify.com/s/files/1/0048/2912/products/hilos-shoes-the-emmett-whiskey-29064217952318.jpg?v=1642797942
58,The Emmett Whiskey,emmett-whiskey-1,2022-01-20T15:49:13-06:00,Shoes,EMM16RWHY,True,225.00,True,1089,https://cdn.shopify.com/s/files/1/0048/2912/products/hilos-shoes-the-emmett-whiskey-29064218279998.jpg?v=1642797946
59,The Emmett Whiskey,emmett-whiskey-1,2022-01-20T15:49:13-06:00,Shoes,EMM16RWHY,True,225.00,True,1089,https://cdn.shopify.com/s/files/1/0048/2912/products/hilos-shoes-the-emmett-whiskey-29064218312766.jpg?v=1642797939
60,The Emmett Whiskey,emmett-whiskey-1,2022-01-20T15:49:13-06:00,Shoes,EMM16RWHY,True,225.00,True,1089,https://cdn.shopify.com/s/files/1/0048/2912/products/hilos-shoes-the-emmett-whiskey-29064236105790.jpg?v=1642798295
61,The Emmett Black,emmett-black-1,2022-01-13T10:29:04-06:00,Shoes,EMM16RBLK,True,225.00,True,1089,https://cdn.shopify.com/s/files/1/0048/2912/products/hilos-shoes-the-emmett-black-29064209203262.jpg?v=1642797578
62,The Emmett Black,emmett-black-1,2022-01-13T10:29:04-06:00,Shoes,EMM16RBLK,True,225.00,True,1089,https://cdn.shopify.com/s/files/1/0048/2912/products/hilos-shoes-the-emmett-black-29064209432638.jpg?v=1642797575
63,The Emmett Black,emmett-black-1,2022-01-13T10:29:04-06:00,Shoes,EMM16RBLK,True,225.00,True,1089,https://cdn.shopify.com/s/files/1/0048/2912/products/hilos-shoes-the-emmett-black-29064209301566.jpg?v=1642797754
64,The Emmett Black,emmett-black-1,2022-01-13T10:29:04-06:00,Shoes,EMM16RBLK,True,225.00,True,1089,https://cdn.shopify.com/s/files/1/0048/2912/products/hilos-shoes-the-emmett-black-29064226308158.jpg?v=1642797936
65,The Emmett Black,emmett-black-1,2022-01-13T10:29:04-06:00,Shoes,EMM16RBLK,True,225.00,True,1089,https://cdn.shopify.com/s/files/1/0048/2912/products/hilos-shoes-the-emmett-black-29064209170494.jpg?v=1642797584
66,The Emmett Black,emmett-black-1,2022-01-13T10:29:04-06:00,Shoes,EMM16RBLK,True,225.00,True,1089,https://cdn.shopify.com/s/files/1/0048/2912/products/hilos-shoes-the-emmett-black-29064209399870.jpg?v=1642797582
67,The Emmett Black,emmett-black-1,2022-01-13T10:29:04-06:00,Shoes,EMM16RBLK,True,225.00,True,1089,https://cdn.shopify.com/s/files/1/0048/2912/products/hilos-shoes-the-emmett-black-29064209334334.jpg?v=1642797590
68,The Emmett Black,emmett-black-1,2022-01-13T10:29:04-06:00,Shoes,EMM16RBLK,True,225.00,True,1089,https://cdn.shopify.com/s/files/1/0048/2912/products/hilos-shoes-the-emmett-black-29064209268798.jpg?v=1642797587
69,HELM Boot Care Kit,helm-boot-care-kit,2016-12-21T13:17:11-06:00,Boot Care,HLMKIT_004,True,65.00,False,907,https://cdn.shopify.com/s/files/1/0048/2912/products/helm-boot-care-helm-boot-care-kit-28561845452862.jpg?v=1628014364
70,HELM Boot Care Kit,helm-boot-care-kit,2016-12-21T13:17:11-06:00,Boot Care,HLMKIT_004,True,65.00,False,907,https://cdn.shopify.com/s/files/1/0048/2912/products/helm-boot-care-helm-boot-care-kit-28555946688574.jpg?v=1628013820
71,HELM Boot Care Kit,helm-boot-care-kit,2016-12-21T13:17:11-06:00,Boot Care,HLMKIT_004,True,65.00,False,907,https://cdn.shopify.com/s/files/1/0048/2912/products/helm-boot-care-helm-boot-care-kit-28555958583358.jpg?v=1628013668
72,HELM Boot Care Kit,helm-boot-care-kit,2016-12-21T13:17:11-06:00,Boot Care,HLMKIT_004,True,65.00,False,907,https://cdn.shopify.com/s/files/1/0048/2912/products/helm-boot-care-helm-boot-care-kit-28561827725374.jpg?v=1628014004
73,HELM Boots T-Shirts,helm-boots-t-shirts,2022-11-11T12:29:55-06:00,T-Shirt,HLMBTS_NATX,True,30.00,True,340,https://cdn.shopify.com/s/files/1/0048/2912/products/helm-t-shirt-black-small-helm-boots-t-shirts-29826688745534.png?v=1668709665
74,HELM Boots T-Shirts,helm-boots-t-shirts,2022-11-11T12:29:55-06:00,T-Shirt,HLMBTS_NATX,True,30.00,True,340,https://cdn.shopify.com/s/files/1/0048/2912/products/helm-t-shirt-helm-boots-t-shirts-29826689302590.png?v=1668709663
75,HELM Boots T-Shirts,helm-boots-t-shirts,2022-11-11T12:29:55-06:00,T-Shirt,HLMBTS_NATX,True,30.00,True,340,https://cdn.shopify.com/s/files/1/0048/2912/products/helm-t-shirt-helm-boots-t-shirts-29855349604414.jpg?v=1669652314
76,The Xander Whiskey,the-xander-whiskey,2022-01-19T13:14:15-06:00,Sneakers,HB8205015,True,120.00,True,1361,https://cdn.shopify.com/s/files/1/0048/2912/products/helm-sneakers-the-xander-whiskey-29667826663486.png?v=1663270235
77,The Xander Whiskey,the-xander-whiskey,2022-01-19T13:14:15-06:00,Sneakers,HB8205015,True,120.00,True,1361,https://cdn.shopify.com/s/files/1/0048/2912/products/helm-sneakers-the-xander-whiskey-29667826729022.png?v=1663270238
78,The Xander Whiskey,the-xander-whiskey,2022-01-19T13:14:15-06:00,Sneakers,HB8205015,True,120.00,True,1361,https://cdn.shopify.com/s/files/1/0048/2912/products/helm-sneakers-the-xander-whiskey-29667826630718.png?v=1663270241
79,The Xander Whiskey,the-xander-whiskey,2022-01-19T13:14:15-06:00,Sneakers,HB8205015,True,120.00,True,1361,https://cdn.shopify.com/s/files/1/0048/2912/products/helm-sneakers-the-xander-whiskey-29667826696254.png?v=1663270244
80,The Xander Whiskey,the-xander-whiskey,2022-01-19T13:14:15-06:00,Sneakers,HB8205015,True,120.00,True,1361,https://cdn.shopify.com/s/files/1/0048/2912/products/helm-sneakers-the-xander-whiskey-29667826597950.png?v=1663270247
81,The Xander Whiskey,the-xander-whiskey,2022-01-19T13:14:15-06:00,Sneakers,HB8205015,True,120.00,True,1361,https://cdn.shopify.com/s/files/1/0048/2912/products/helm-sneakers-the-xander-whiskey-29667826761790.png?v=1663270250
82,The Xander Whiskey,the-xander-whiskey,2022-01-19T13:14:15-06:00,Sneakers,HB8205015,True,120.00,True,1361,https://cdn.shopify.com/s/files/1/0048/2912/products/helm-sneakers-the-xander-whiskey-29667826794558.png?v=1663270414
83,Laces,laces-1,2022-10-26T12:29:14-05:00,Laces,ZTEK57,True,10.00,True,11,https://cdn.shopify.com/s/files/1/0048/2912/products/helm-boots-laces-29779237142590.jpg?v=1666808138
84,Laces,laces-1,2022-10-26T12:29:14-05:00,Laces,ZTEK57,True,10.00,True,11,https://cdn.shopify.com/s/files/1/0048/2912/products/helm-boots-laces-29779237240894.jpg?v=1666808140
85,Laces,laces-1,2022-10-26T12:29:14-05:00,Laces,ZTEK57,True,10.00,True,11,https://cdn.shopify.com/s/files/1/0048/2912/products/helm-boots-laces-29779237568574.jpg?v=1666808143
86,Laces,laces-1,2022-10-26T12:29:14-05:00,Laces,ZTEK57,True,10.00,True,11,https://cdn.shopify.com/s/files/1/0048/2912/products/helm-boots-laces-29779238715454.jpg?v=1666808315
87,Laces,laces-1,2022-10-26T12:29:14-05:00,Laces,ZTEK57,True,10.00,True,11,https://cdn.shopify.com/s/files/1/0048/2912/products/helm-boots-laces-29779242582078.jpg?v=1666808858
88,The Xander Olive,the-xander-olive,2022-07-26T14:11:27-05:00,Sneakers,HB8208015,True,120.00,True,1361,https://cdn.shopify.com/s/files/1/0048/2912/products/helm-sneakers-the-xander-olive-29667814572094.png?v=1663269887
89,The Xander Olive,the-xander-olive,2022-07-26T14:11:27-05:00,Sneakers,HB8208015,True,120.00,True,1361,https://cdn.shopify.com/s/files/1/0048/2912/products/helm-sneakers-the-xander-olive-29667814473790.png?v=1663270056
90,The Xander Olive,the-xander-olive,2022-07-26T14:11:27-05:00,Sneakers,HB8208015,True,120.00,True,1361,https://cdn.shopify.com/s/files/1/0048/2912/products/helm-sneakers-the-xander-olive-29667814408254.png?v=1663619058
91,The Xander Olive,the-xander-olive,2022-07-26T14:11:27-05:00,Sneakers,HB8208015,True,120.00,True,1361,https://cdn.shopify.com/s/files/1/0048/2912/products/helm-sneakers-the-xander-olive-29667814506558.png?v=1663619058
92,The Xander Olive,the-xander-olive,2022-07-26T14:11:27-05:00,Sneakers,HB8208015,True,120.00,True,1361,https://cdn.shopify.com/s/files/1/0048/2912/products/helm-sneakers-the-xander-olive-29667814604862.png?v=1663619058
93,The Xander Olive,the-xander-olive,2022-07-26T14:11:27-05:00,Sneakers,HB8208015,True,120.00,True,1361,https://cdn.shopify.com/s/files/1/0048/2912/products/helm-sneakers-the-xander-olive-29667814441022.png?v=1663269880
94,The Xander Olive,the-xander-olive,2022-07-26T14:11:27-05:00,Sneakers,HB8208015,True,120.00,True,1361,https://cdn.shopify.com/s/files/1/0048/2912/products/helm-sneakers-the-xander-olive-29667814539326.png?v=1663269883
95,HELM Shop Rag,helmcloth,2013-10-09T15:28:44-05:00,Accessories,10284,True,5.00,True,57,https://cdn.shopify.com/s/files/1/0048/2912/products/helm-accessories-indigo-helm-shop-rag-28555623628862.jpg?v=1628016172
96,HELM Shop Rag,helmcloth,2013-10-09T15:28:44-05:00,Accessories,10284,True,5.00,True,57,https://cdn.shopify.com/s/files/1/0048/2912/products/helm-accessories-indigo-helm-shop-rag-28555623301182.jpg?v=1628016172
97,HELM Shop Rag,helmcloth,2013-10-09T15:28:44-05:00,Accessories,10284,True,5.00,True,57,https://cdn.shopify.com/s/files/1/0048/2912/products/helm-accessories-indigo-helm-shop-rag-28555588272190.jpg?v=1628016172
98,The Zind Burgundy,the-zind-burgundy,2022-07-26T15:25:21-05:00,Boots,HBB405016,True,295.00,False,1814,https://cdn.shopify.com/s/files/1/0048/2912/products/helm-boots-the-zind-burgundy-29629143547966.jpg?v=1662055880
99,The Zind Burgundy,the-zind-burgundy,2022-07-26T15:25:21-05:00,Boots,HBB405016,True,295.00,False,1814,https://cdn.shopify.com/s/files/1/0048/2912/products/helm-boots-the-zind-burgundy-29629143580734.jpg?v=1662055880
100,The Zind Burgundy,the-zind-burgundy,2022-07-26T15:25:21-05:00,Boots,HBB405016,True,295.00,False,1814,https://cdn.shopify.com/s/files/1/0048/2912/products/helm-boots-the-zind-burgundy-29629143646270.jpg?v=1662055880
101,The Zind Burgundy,the-zind-burgundy,2022-07-26T15:25:21-05:00,Boots,HBB405016,True,295.00,False,1814,https://cdn.shopify.com/s/files/1/0048/2912/products/helm-boots-the-zind-burgundy-29629143613502.jpg?v=1662055880
102,The Zind Burgundy,the-zind-burgundy,2022-07-26T15:25:21-05:00,Boots,HBB405016,True,295.00,False,1814,https://cdn.shopify.com/s/files/1/0048/2912/products/helm-boots-the-zind-burgundy-29629143744574.jpg?v=1662055880
103,The Zind Burgundy,the-zind-burgundy,2022-07-26T15:25:21-05:00,Boots,HBB405016,True,295.00,False,1814,https://cdn.shopify.com/s/files/1/0048/2912/products/helm-boots-the-zind-burgundy-29629143679038.jpg?v=1662055880
104,The Zind Burgundy,the-zind-burgundy,2022-07-26T15:25:21-05:00,Boots,HBB405016,True,295.00,False,1814,https://cdn.shopify.com/s/files/1/0048/2912/products/helm-boots-the-zind-burgundy-29629143711806.jpg?v=1662055880
105,Otter Wax Suede Cleaner,otter-wax-suede-cleaner,2019-01-04T13:42:37-06:00,Boot Care,724131462789,True,10.00,True,142,https://cdn.shopify.com/s/files/1/0048/2912/products/otter-wax-boot-care-otter-wax-suede-cleaner-28556965445694.jpg?v=1627993491
106,The Wilson Burgundy,the-wilson-burgundy,2022-07-26T13:50:10-05:00,Shoes,HB4204016,True,245.00,True,1814,https://cdn.shopify.com/s/files/1/0048/2912/products/helm-shoes-the-wilson-burgundy-29627003732030.jpg?v=1661979096
107,The Wilson Burgundy,the-wilson-burgundy,2022-07-26T13:50:10-05:00,Shoes,HB4204016,True,245.00,True,1814,https://cdn.shopify.com/s/files/1/0048/2912/products/helm-shoes-the-wilson-burgundy-29627003699262.jpg?v=1661979102
108,The Wilson Burgundy,the-wilson-burgundy,2022-07-26T13:50:10-05:00,Shoes,HB4204016,True,245.00,True,1814,https://cdn.shopify.com/s/files/1/0048/2912/products/helm-shoes-the-wilson-burgundy-29627003633726.jpg?v=1661979094
109,The Wilson Burgundy,the-wilson-burgundy,2022-07-26T13:50:10-05:00,Shoes,HB4204016,True,245.00,True,1814,https://cdn.shopify.com/s/files/1/0048/2912/products/helm-shoes-the-wilson-burgundy-29627003797566.jpg?v=1661979106
110,The Wilson Burgundy,the-wilson-burgundy,2022-07-26T13:50:10-05:00,Shoes,HB4204016,True,245.00,True,1814,https://cdn.shopify.com/s/files/1/0048/2912/products/helm-shoes-the-wilson-burgundy-29627003666494.jpg?v=1663170642
111,The Wilson Burgundy,the-wilson-burgundy,2022-07-26T13:50:10-05:00,Shoes,HB4204016,True,245.00,True,1814,https://cdn.shopify.com/s/files/1/0048/2912/products/helm-shoes-the-wilson-burgundy-29627003830334.jpg?v=1663170642
112,The Wilson Burgundy,the-wilson-burgundy,2022-07-26T13:50:10-05:00,Shoes,HB4204016,True,245.00,True,1814,https://cdn.shopify.com/s/files/1/0048/2912/products/helm-shoes-the-wilson-burgundy-29627003764798.jpg?v=1663170642
113,The Charlie Navy,the-charlie-navy,2022-06-13T13:43:50-05:00,Sneakers,HBB809015,True,149.00,False,1814,https://cdn.shopify.com/s/files/1/0048/2912/products/helm-sneakers-the-charlie-navy-29447945945150.png?v=1657043496
114,The Charlie Navy,the-charlie-navy,2022-06-13T13:43:50-05:00,Sneakers,HBB809015,True,149.00,False,1814,https://cdn.shopify.com/s/files/1/0048/2912/products/helm-sneakers-the-charlie-navy-29447945781310.png?v=1657043500
115,The Charlie Navy,the-charlie-navy,2022-06-13T13:43:50-05:00,Sneakers,HBB809015,True,149.00,False,1814,https://cdn.shopify.com/s/files/1/0048/2912/products/helm-sneakers-the-charlie-navy-29447945650238.png?v=1657223483
116,The Charlie Navy,the-charlie-navy,2022-06-13T13:43:50-05:00,Sneakers,HBB809015,True,149.00,False,1814,https://cdn.shopify.com/s/files/1/0048/2912/products/helm-sneakers-the-charlie-navy-29447945879614.png?v=1657223483
117,The Charlie Navy,the-charlie-navy,2022-06-13T13:43:50-05:00,Sneakers,HBB809015,True,149.00,False,1814,https://cdn.shopify.com/s/files/1/0048/2912/products/helm-sneakers-the-charlie-navy-29447945584702.png?v=1657223483
118,The Charlie Navy,the-charlie-navy,2022-06-13T13:43:50-05:00,Sneakers,HBB809015,True,149.00,False,1814,https://cdn.shopify.com/s/files/1/0048/2912/products/helm-sneakers-the-charlie-navy-29447945846846.png?v=1657223483
119,The Charlie Navy,the-charlie-navy,2022-06-13T13:43:50-05:00,Sneakers,HBB809015,True,149.00,False,1814,https://cdn.shopify.com/s/files/1/0048/2912/products/helm-sneakers-the-charlie-navy-29447945715774.png?v=1657223483
120,The Hynes Brown,the-hynes-brown,2022-06-13T14:15:58-05:00,Boots,HB9020016,True,250.00,True,1814,https://cdn.shopify.com/s/files/1/0048/2912/products/helm-boots-the-hynes-brown-29428435648574.png?v=1656431854
121,The Hynes Brown,the-hynes-brown,2022-06-13T14:15:58-05:00,Boots,HB9020016,True,250.00,True,1814,https://cdn.shopify.com/s/files/1/0048/2912/products/helm-boots-the-hynes-brown-29428435746878.png?v=1656431858
122,The Hynes Brown,the-hynes-brown,2022-06-13T14:15:58-05:00,Boots,HB9020016,True,250.00,True,1814,https://cdn.shopify.com/s/files/1/0048/2912/products/helm-boots-the-hynes-brown-29428435714110.png?v=1656431864
123,The Hynes Brown,the-hynes-brown,2022-06-13T14:15:58-05:00,Boots,HB9020016,True,250.00,True,1814,https://cdn.shopify.com/s/files/1/0048/2912/products/helm-boots-the-hynes-brown-29428435583038.png?v=1656431860
124,The Hynes Brown,the-hynes-brown,2022-06-13T14:15:58-05:00,Boots,HB9020016,True,250.00,True,1814,https://cdn.shopify.com/s/files/1/0048/2912/products/helm-boots-the-hynes-brown-29428521500734.png?v=1656433653
125,The Hynes Brown,the-hynes-brown,2022-06-13T14:15:58-05:00,Boots,HB9020016,True,250.00,True,1814,https://cdn.shopify.com/s/files/1/0048/2912/products/helm-boots-the-hynes-brown-29428521566270.png?v=1656433657
126,The Hynes Brown,the-hynes-brown,2022-06-13T14:15:58-05:00,Boots,HB9020016,True,250.00,True,1814,https://cdn.shopify.com/s/files/1/0048/2912/products/helm-boots-the-hynes-brown-29428521533502.png?v=1656433660
127,The Hynes Black,the-hynes-black,2022-06-13T14:14:55-05:00,Boots,HB9010016,True,250.00,True,1814,https://cdn.shopify.com/s/files/1/0048/2912/products/helm-boots-the-hynes-black-29454774140990.png?v=1657218817
128,The Hynes Black,the-hynes-black,2022-06-13T14:14:55-05:00,Boots,HB9010016,True,250.00,True,1814,https://cdn.shopify.com/s/files/1/0048/2912/products/helm-boots-the-hynes-black-29454774108222.png?v=1657218636
129,The Hynes Black,the-hynes-black,2022-06-13T14:14:55-05:00,Boots,HB9010016,True,250.00,True,1814,https://cdn.shopify.com/s/files/1/0048/2912/products/helm-boots-the-hynes-black-29454774009918.png?v=1657218641
130,The Hynes Black,the-hynes-black,2022-06-13T14:14:55-05:00,Boots,HB9010016,True,250.00,True,1814,https://cdn.shopify.com/s/files/1/0048/2912/products/helm-boots-the-hynes-black-29454774075454.png?v=1657218639
131,The Hynes Black,the-hynes-black,2022-06-13T14:14:55-05:00,Boots,HB9010016,True,250.00,True,1814,https://cdn.shopify.com/s/files/1/0048/2912/products/helm-boots-the-hynes-black-29454774337598.png?v=1657218644
132,The Hynes Black,the-hynes-black,2022-06-13T14:14:55-05:00,Boots,HB9010016,True,250.00,True,1814,https://cdn.shopify.com/s/files/1/0048/2912/products/helm-boots-the-hynes-black-29454774304830.png?v=1657218648
133,The Hynes Black,the-hynes-black,2022-06-13T14:14:55-05:00,Boots,HB9010016,True,250.00,True,1814,https://cdn.shopify.com/s/files/1/0048/2912/products/helm-boots-the-hynes-black-29454774370366.png?v=1657218651
134,The Hollis Olive,the-hollis-olive,2022-01-25T12:50:41-06:00,Boots,HBB1028016,True,295.00,True,1814,https://cdn.shopify.com/s/files/1/0048/2912/products/helm-boots-the-hollis-olive-29270084321342.jpg?v=1650908332
135,The Hollis Olive,the-hollis-olive,2022-01-25T12:50:41-06:00,Boots,HBB1028016,True,295.00,True,1814,https://cdn.shopify.com/s/files/1/0048/2912/products/helm-boots-the-hollis-olive-29270084288574.jpg?v=1650908332
136,The Hollis Olive,the-hollis-olive,2022-01-25T12:50:41-06:00,Boots,HBB1028016,True,295.00,True,1814,https://cdn.shopify.com/s/files/1/0048/2912/products/helm-boots-the-hollis-olive-29270087401534.jpg?v=1650908556
137,The Hollis Olive,the-hollis-olive,2022-01-25T12:50:41-06:00,Boots,HBB1028016,True,295.00,True,1814,https://cdn.shopify.com/s/files/1/0048/2912/products/helm-boots-the-hollis-olive-29270087434302.jpg?v=1650908559
138,The Hollis Olive,the-hollis-olive,2022-01-25T12:50:41-06:00,Boots,HBB1028016,True,295.00,True,1814,https://cdn.shopify.com/s/files/1/0048/2912/products/helm-boots-the-hollis-olive-29270084452414.jpg?v=1650908332
139,The Hollis Olive,the-hollis-olive,2022-01-25T12:50:41-06:00,Boots,HBB1028016,True,295.00,True,1814,https://cdn.shopify.com/s/files/1/0048/2912/products/helm-boots-the-hollis-olive-29270084255806.jpg?v=1650908332
140,The Hollis Olive,the-hollis-olive,2022-01-25T12:50:41-06:00,Boots,HBB1028016,True,295.00,True,1814,https://cdn.shopify.com/s/files/1/0048/2912/products/helm-boots-the-hollis-olive-29270120923198.jpg?v=1650910895
141,The Xander Wheat,the-xander-wheat,2022-03-24T12:40:00-05:00,Sneakers,HB8206013,True,175.00,True,1361,https://cdn.shopify.com/s/files/1/0048/2912/products/helm-sneakers-the-xander-wheat-29259004280894.jpg?v=1650554681
142,The Xander Wheat,the-xander-wheat,2022-03-24T12:40:00-05:00,Sneakers,HB8206013,True,175.00,True,1361,https://cdn.shopify.com/s/files/1/0048/2912/products/helm-sneakers-the-xander-wheat-29259004215358.jpg?v=1650554683
143,The Xander Wheat,the-xander-wheat,2022-03-24T12:40:00-05:00,Sneakers,HB8206013,True,175.00,True,1361,https://cdn.shopify.com/s/files/1/0048/2912/products/helm-sneakers-the-xander-wheat-29259004313662.jpg?v=1650554674
144,The Xander Wheat,the-xander-wheat,2022-03-24T12:40:00-05:00,Sneakers,HB8206013,True,175.00,True,1361,https://cdn.shopify.com/s/files/1/0048/2912/products/helm-sneakers-the-xander-wheat-29259000086590.jpg?v=1650554442
145,The Xander Wheat,the-xander-wheat,2022-03-24T12:40:00-05:00,Sneakers,HB8206013,True,175.00,True,1361,https://cdn.shopify.com/s/files/1/0048/2912/products/helm-sneakers-the-xander-wheat-29259004248126.jpg?v=1650554679
146,The Xander Wheat,the-xander-wheat,2022-03-24T12:40:00-05:00,Sneakers,HB8206013,True,175.00,True,1361,https://cdn.shopify.com/s/files/1/0048/2912/products/helm-sneakers-the-xander-wheat-29259004346430.jpg?v=1650554686
147,The Xander Wheat,the-xander-wheat,2022-03-24T12:40:00-05:00,Sneakers,HB8206013,True,175.00,True,1361,https://cdn.shopify.com/s/files/1/0048/2912/products/helm-sneakers-the-xander-wheat-29270113058878.jpg?v=1650910354
